--Data for table  Customer
insert into Customer (CustomerID, Phone, Name, Address, CreditCard) values (1, '799-275-7846', 'Dynah Peachment', '45257 Welch Place', '6709681032674994');
insert into Customer (CustomerID, Phone, Name, Address, CreditCard) values (2, '381-558-4510', 'Garland Mollatt', '972 Summerview Lane', '4041372099032506');
insert into Customer (CustomerID, Phone, Name, Address, CreditCard) values (3, '896-774-6994', 'Guss Deniso', '749 Heath Road', '4913449074547172');
insert into Customer (CustomerID, Phone, Name, Address, CreditCard) values (4, '371-646-9456', 'Bibbie Campanelli', '0 Meadow Ridge Point', '3585917145967529');
insert into Customer (CustomerID, Phone, Name, Address, CreditCard) values (5, '160-178-5336', 'Jourdan Vitte', '417 Veith Lane', '6706781493382294');
insert into Customer (CustomerID, Phone, Name, Address, CreditCard) values (6, '118-548-9550', 'Layla Fleis', '02140 Oak Way', '30183411472812');
insert into Customer (CustomerID, Phone, Name, Address, CreditCard) values (7, '706-259-5408', 'Nevile Heaseman', '08 Columbus Center', '4982790752968321');
insert into Customer (CustomerID, Phone, Name, Address, CreditCard) values (8, '890-904-1192', 'Damien Klinck', '4343 Summit Pass', '5100178829494527');
insert into Customer (CustomerID, Phone, Name, Address, CreditCard) values (9, '617-914-6885', 'Orsa Hefford', '8 Brown Avenue', '633110175053863218');
insert into Customer (CustomerID, Phone, Name, Address, CreditCard) values (10, '994-495-6987', 'Warde Verriour', '0336 Summit Way', '5602241066758401');
insert into Customer (CustomerID, Phone, Name, Address, CreditCard) values (11, '218-569-6028', 'Moira Grendon', '4 Alpine Circle', '201918670990837');
insert into Customer (CustomerID, Phone, Name, Address, CreditCard) values (12, '509-384-3192', 'Aurie Chew', '3 Starling Circle', '201576878686332');
insert into Customer (CustomerID, Phone, Name, Address, CreditCard) values (13, '845-290-4022', 'Ellie Lomasney', '758 Oneill Avenue', '633110991491954314');
insert into Customer (CustomerID, Phone, Name, Address, CreditCard) values (14, '529-202-3400', 'Traci Loney', '52 Anthes Street', '3589300839948558');
insert into Customer (CustomerID, Phone, Name, Address, CreditCard) values (15, '746-985-8223', 'Alastair Cains', '01 Kim Terrace', '4903387247367411');
insert into Customer (CustomerID, Phone, Name, Address, CreditCard) values (16, '296-689-6167', 'Philippa Forsaith', '7 Lerdahl Circle', '3586515737103898');
insert into Customer (CustomerID, Phone, Name, Address, CreditCard) values (17, '898-656-0902', 'Gun Revett', '454 Manufacturers Hill', '30433269181266');
insert into Customer (CustomerID, Phone, Name, Address, CreditCard) values (18, '933-880-5831', 'Cobb Biggs', '68795 Loeprich Hill', '3584069496025985');
insert into Customer (CustomerID, Phone, Name, Address, CreditCard) values (19, '433-133-4552', 'Georgeanna Jollie', '7 Mandrake Trail', '3577309719879621');
insert into Customer (CustomerID, Phone, Name, Address, CreditCard) values (20, '359-518-8161', 'Rose Trewin', '64 Sycamore Parkway', '3545154918273484');
insert into Customer (CustomerID, Phone, Name, Address, CreditCard) values (21, '698-134-6809', 'Johannes Stell', '86 Kensington Park', '3575906810408929');
insert into Customer (CustomerID, Phone, Name, Address, CreditCard) values (22, '166-270-9824', 'Bryana Habben', '6 Delaware Center', '3566693977458696');
insert into Customer (CustomerID, Phone, Name, Address, CreditCard) values (23, '998-301-0772', 'Noel Orrum', '633 Gina Pass', '3552754380995033');
insert into Customer (CustomerID, Phone, Name, Address, CreditCard) values (24, '115-495-0419', 'Greggory Falconer', '400 Muir Point', '3565720448793327');
insert into Customer (CustomerID, Phone, Name, Address, CreditCard) values (25, '356-231-6566', 'Genvieve Oakenfall', '36 Sunnyside Avenue', '3581451655597744');
insert into Customer (CustomerID, Phone, Name, Address, CreditCard) values (26, '621-448-9783', 'Trueman Bickersteth', '3 Judy Avenue', '4017954226932649');
insert into Customer (CustomerID, Phone, Name, Address, CreditCard) values (27, '166-800-7470', 'Emlynn Van Cassel', '55125 Talisman Court', '5602245990405641');
insert into Customer (CustomerID, Phone, Name, Address, CreditCard) values (28, '522-317-4350', 'Sterling Reuven', '20 Alpine Trail', '56022205242982081');
insert into Customer (CustomerID, Phone, Name, Address, CreditCard) values (29, '697-241-2868', 'Mella Maskell', '8680 Hooker Point', '5048370231445479');
insert into Customer (CustomerID, Phone, Name, Address, CreditCard) values (30, '126-316-5745', 'Othelia Rubinfajn', '3473 Bashford Parkway', '3560903076978379');
insert into Customer (CustomerID, Phone, Name, Address, CreditCard) values (31, '771-627-2674', 'Harlene Yakunikov', '4646 Roxbury Park', '3535356812997009');
insert into Customer (CustomerID, Phone, Name, Address, CreditCard) values (32, '398-640-3862', 'Almire Thirtle', '12 Parkside Hill', '3548762764202873');
insert into Customer (CustomerID, Phone, Name, Address, CreditCard) values (33, '749-980-2222', 'Dorry Couvert', '4740 Shopko Drive', '5318549519692232');
insert into Customer (CustomerID, Phone, Name, Address, CreditCard) values (34, '244-402-6174', 'Blane Van Driel', '88704 Fairview Park', '4405566140459424');
insert into Customer (CustomerID, Phone, Name, Address, CreditCard) values (35, '522-919-2114', 'Lucian Dalyiel', '76496 School Drive', '5048373237442003');
insert into Customer (CustomerID, Phone, Name, Address, CreditCard) values (36, '694-619-2787', 'Michaeline Killiner', '07 Eastwood Parkway', '6767767792427423');
insert into Customer (CustomerID, Phone, Name, Address, CreditCard) values (37, '110-377-7362', 'Anselma Antalffy', '5084 Gulseth Center', '6333422409323475');
insert into Customer (CustomerID, Phone, Name, Address, CreditCard) values (38, '672-553-2218', 'Katherine Arthurs', '36 Del Mar Alley', '3573226256622517');
insert into Customer (CustomerID, Phone, Name, Address, CreditCard) values (39, '511-539-5818', 'Arleen Franckton', '661 Norway Maple Hill', '3530814167429312');
insert into Customer (CustomerID, Phone, Name, Address, CreditCard) values (40, '307-449-0377', 'Bernhard Goricke', '79767 Logan Plaza', '3555274218224941');
insert into Customer (CustomerID, Phone, Name, Address, CreditCard) values (41, '650-742-0195', 'Sascha Noriega', '23321 School Plaza', '3544623827832441');
insert into Customer (CustomerID, Phone, Name, Address, CreditCard) values (42, '685-648-1140', 'Fabe Marcussen', '55 Victoria Parkway', '3539093868409896');
insert into Customer (CustomerID, Phone, Name, Address, CreditCard) values (43, '914-870-4395', 'Poppy Stallion', '9 Dahle Parkway', '5602257785234433');
insert into Customer (CustomerID, Phone, Name, Address, CreditCard) values (44, '668-530-9635', 'Ludovico Gylle', '691 Melvin Terrace', '3532227736790882');
insert into Customer (CustomerID, Phone, Name, Address, CreditCard) values (45, '542-151-9543', 'Bevin Riddett', '7899 Hanson Court', '0604159649111666964');
insert into Customer (CustomerID, Phone, Name, Address, CreditCard) values (46, '866-440-8489', 'Kinna Blowes', '33 Kennedy Place', '3564622380322597');
insert into Customer (CustomerID, Phone, Name, Address, CreditCard) values (47, '660-801-3771', 'Archaimbaud Wile', '8 Elka Street', '3565076989388377');
insert into Customer (CustomerID, Phone, Name, Address, CreditCard) values (48, '265-901-9304', 'Barnett Garrals', '8 Bowman Lane', '3572786291136857');
insert into Customer (CustomerID, Phone, Name, Address, CreditCard) values (49, '891-325-5326', 'Kessiah Yakovitch', '0645 Huxley Street', '6709636511014203');
insert into Customer (CustomerID, Phone, Name, Address, CreditCard) values (50, '779-175-3613', 'Giustino Billings', '08865 Bobwhite Point', '3543314153536555');


--Data for table Instructor
insert into instructor values (1,'778-778-778','female',30,'Ann', 'Perkins', 'Yoga');
insert into instructor values (2,'778-123-778','male',20,'Kev', 'Perkins', 'Yoga');
insert into Instructor (InstructorID, phone, gender, hrrate, firstname, lastname, InstructorType) values (3, '198-299-4566', 'Female', 30.48, 'Jacquelin', 'Tuffley', 'boxing');
insert into Instructor (InstructorID, phone, gender, hrrate, firstname, lastname, InstructorType) values (4, '303-277-4527', 'Female', 41.27, 'Kate', 'Cater', 'boxing');
insert into Instructor (InstructorID, phone, gender, hrrate, firstname, lastname, InstructorType) values (5, '363-479-1980', 'Female', 44.63, 'Sarena', 'Pledger', 'boxing');
insert into Instructor (InstructorID, phone, gender, hrrate, firstname, lastname, InstructorType) values (6, '320-629-6554', 'Female', 64.32, 'Tamara', 'Scrooby', 'yoga');
insert into Instructor (InstructorID, phone, gender, hrrate, firstname, lastname, InstructorType) values (7, '647-297-9173', 'Male', 59.44, 'Ian', 'Feedham', 'cardio');
insert into Instructor (InstructorID, phone, gender, hrrate, firstname, lastname, InstructorType) values (8, '169-920-5668', 'Male', 43.97, 'Marlo', 'Tompsett', 'cardio');
insert into Instructor (InstructorID, phone, gender, hrrate, firstname, lastname, InstructorType) values (9, '995-295-8190', 'Male', 38.86, 'Dilly', 'Teather', 'cardio');
insert into Instructor (InstructorID, phone, gender, hrrate, firstname, lastname, InstructorType) values (10, '389-459-5976', 'Female', 61.77, 'Lidia', 'Maplethorp', 'dance');
insert into Instructor (InstructorID, phone, gender, hrrate, firstname, lastname, InstructorType) values (11, '787-183-7879', 'Male', 55.81, 'Hugh', 'Monckton', 'dance');
insert into Instructor (InstructorID, phone, gender, hrrate, firstname, lastname, InstructorType) values (12, '640-723-4295', 'Female', 68.88, 'Lillis', 'O''Farris', 'dance');
insert into Instructor (InstructorID, phone, gender, hrrate, firstname, lastname, InstructorType) values (13, '207-793-6383', 'Male', 89.18, 'Orran', 'Addey', 'dance');
insert into Instructor (InstructorID, phone, gender, hrrate, firstname, lastname, InstructorType) values (14, '196-624-0445', 'Female', 59.91, 'Malinde', 'Boynes', 'personal training');
insert into Instructor (InstructorID, phone, gender, hrrate, firstname, lastname, InstructorType) values (15, '373-645-1337', 'Male', 72.63, 'Blayne', 'Kegg', 'personal training');
insert into Instructor (InstructorID, phone, gender, hrrate, firstname, lastname, InstructorType) values (16, '178-151-5119', 'Male', 88.62, 'Bryant', 'Persence', 'personal training');
insert into Instructor (InstructorID, phone, gender, hrrate, firstname, lastname, InstructorType) values (17, '565-752-6989', 'Female', 87.52, 'Edita', 'Alleway', 'personal training');
insert into Instructor (InstructorID, phone, gender, hrrate, firstname, lastname, InstructorType) values (18, '149-242-4064', 'Male', 76.82, 'Trumaine', 'Sonley', 'personal training');
insert into Instructor (InstructorID, phone, gender, hrrate, firstname, lastname, InstructorType) values (19, '117-664-9620', 'Male', 66.33, 'Craggy', 'Windrum', 'personal training');
insert into Instructor (InstructorID, phone, gender, hrrate, firstname, lastname, InstructorType) values (20, '711-222-3116', 'Female', 92.64, 'Teresita', 'Puddifer', 'personal training');

--Data for table TimePeriod
insert into timeperiod values('20181001', '20181101', '11am', '12pm');
insert into timeperiod values('20181001', '20181101', '10am', '12pm');
insert into timeperiod values('20181001', '20181101', '1pm', '2pm');
insert into timeperiod values('20181001', '20181101', '3pm', '5pm');
insert into timeperiod values('20181101', '20181201', '11am', '12pm');
insert into timeperiod values('20181101', '20181201', '10am', '12pm');
insert into timeperiod values('20181101', '20181201', '1pm', '2pm');
insert into timeperiod values('20181101', '20181201', '3pm', '5pm');

--Data for table  GymMember
insert into gymmember values (1,'monthly member', '20181001','20181101', '11am', '12pm');
insert into gymmember values (2,'monthly member', '20181001','20181101', '11am', '12pm');
insert into gymmember values (3,'monthly member', '20181001','20181101', '11am', '12pm');
insert into gymmember values (4,'monthly member', '20181001','20181101', '11am', '12pm');
insert into gymmember values (5,'monthly member', '20181001','20181101', '11am', '12pm');
insert into gymmember values (6,'monthly member', '20181001','20181101', '11am', '12pm');
insert into gymmember values (7,'monthly member', '20181001','20181101', '11am', '12pm');
insert into gymmember values (8,'monthly member', '20181001','20181101', '11am', '12pm');
insert into gymmember values (9,'monthly member', '20181001','20181101', '11am', '12pm');
insert into gymmember values (10,'monthly member', '20181001','20181101', '11am', '12pm');
insert into gymmember values (11,'monthly member', '20181001','20181101', '11am', '12pm');
insert into gymmember values (12,'monthly member', '20181001','20181101', '11am', '12pm');
insert into gymmember values (13,'monthly member', '20181001','20181101', '11am', '12pm');
insert into gymmember values (14,'monthly member', '20181001','20181101', '11am', '12pm');
insert into gymmember values (15,'monthly member', '20181001','20181101', '11am', '12pm');
insert into gymmember values (16,'monthly member', '20181001','20181101', '11am', '12pm');
insert into gymmember values (17,'monthly member', '20181001','20181101', '11am', '12pm');
insert into gymmember values (18,'monthly member', '20181001','20181101', '11am', '12pm');
insert into gymmember values (19,'monthly member', '20181001','20181101', '11am', '12pm');
insert into gymmember values (20,'monthly member', '20181001','20181101', '11am', '12pm');
insert into gymmember values (21,'monthly member', '20181001','20181101', '11am', '12pm');
insert into gymmember values (22,'monthly member', '20181001','20181101', '11am', '12pm');
insert into gymmember values (23,'monthly member', '20181001','20181101', '11am', '12pm');
insert into gymmember values (24,'monthly member', '20181001','20181101', '11am', '12pm');
insert into gymmember values (25,'monthly member', '20181001','20181101', '11am', '12pm');
insert into gymmember values (26,'monthly member', '20181001','20181101', '11am', '12pm');
insert into gymmember values (27,'monthly member', '20181001','20181101', '11am', '12pm');
insert into gymmember values (28,'monthly member', '20181001','20181101', '11am', '12pm');
insert into gymmember values (29,'monthly member', '20181001','20181101', '11am', '12pm');
insert into gymmember values (30,'monthly member', '20181001','20181101', '11am', '12pm');
insert into gymmember values (31,'monthly member', '20181001','20181101', '11am', '12pm');
insert into gymmember values (32,'monthly member', '20181001','20181101', '11am', '12pm');
insert into gymmember values (33,'monthly member', '20181001','20181101', '11am', '12pm');
insert into gymmember values (34,'monthly member', '20181001','20181101', '11am', '12pm');
insert into gymmember values (35,'monthly member', '20181001','20181101', '11am', '12pm');
insert into gymmember values (36,'monthly member', '20181001','20181101', '11am', '12pm');
insert into gymmember values (37,'monthly member', '20181001','20181101', '11am', '12pm');
insert into gymmember values (38,'monthly member', '20181001','20181101', '11am', '12pm');
insert into gymmember values (39,'monthly member', '20181001','20181101', '11am', '12pm');
insert into gymmember values (40,'monthly member', '20181001','20181101', '11am', '12pm');
insert into gymmember values (41,'monthly member', '20181001','20181101', '11am', '12pm');
insert into gymmember values (42,'monthly member', '20181001','20181101', '11am', '12pm');
insert into gymmember values (43,'monthly member', '20181001','20181101', '11am', '12pm');
insert into gymmember values (44,'monthly member', '20181001','20181101', '11am', '12pm');
insert into gymmember values (45,'monthly member', '20181001','20181101', '11am', '12pm');
insert into gymmember values (46,'monthly member', '20181001','20181101', '11am', '12pm');
insert into gymmember values (47,'monthly member', '20181001','20181101', '11am', '12pm');
insert into gymmember values (48,'monthly member', '20181001','20181101', '11am', '12pm');
insert into gymmember values (49,'monthly member', '20181001','20181101', '11am', '12pm');
insert into gymmember values (50,'monthly member', '20181001','20181101', '11am', '12pm');

--Data for table FitnessMeasurement
insert into FitnessMeasurement values (71, '11/17/2018', 1, 160, '20', '100', 100, 1);
insert into FitnessMeasurement values (71, '11/17/2018', 1, 160, '20', '100', 100, 2);
insert into FitnessMeasurement values (71, '11/17/2018', 1, 160, '20', '100', 100, 3);
insert into FitnessMeasurement values (71, '11/17/2018', 1, 160, '20', '100', 100, 4);
insert into FitnessMeasurement values (71, '11/17/2018', 1, 160, '20', '100', 100, 5);
insert into FitnessMeasurement values (71, '11/17/2018', 1, 160, '20', '100', 100, 6);
insert into FitnessMeasurement values (71, '11/17/2018', 1, 160, '20', '100', 100, 7);
insert into FitnessMeasurement values (71, '11/17/2018', 1, 160, '20', '100', 100, 8);
insert into FitnessMeasurement values (71, '11/17/2018', 1, 160, '20', '100', 100, 9);
insert into FitnessMeasurement values (71, '11/17/2018', 1, 160, '20', '100', 100, 10);
insert into FitnessMeasurement values (71, '11/17/2018', 1, 160, '20', '100', 100, 11);
insert into FitnessMeasurement values (71, '11/17/2018', 1, 160, '20', '100', 100, 12);
insert into FitnessMeasurement values (71, '11/17/2018', 1, 160, '20', '100', 100, 13);
insert into FitnessMeasurement values (71, '11/17/2018', 1, 160, '20', '100', 100, 14);
insert into FitnessMeasurement values (71, '11/17/2018', 1, 160, '20', '100', 100, 15);
insert into FitnessMeasurement values (71, '11/17/2018', 1, 160, '20', '100', 100, 16);
insert into FitnessMeasurement values (71, '11/17/2018', 1, 160, '20', '100', 100, 17);
insert into FitnessMeasurement values (71, '11/17/2018', 1, 160, '20', '100', 100, 18);
insert into FitnessMeasurement values (71, '11/17/2018', 1, 160, '20', '100', 100, 19);
insert into FitnessMeasurement values (71, '11/17/2018', 1, 160, '20', '100', 100, 20);
insert into FitnessMeasurement values (71, '11/17/2018', 1, 160, '20', '100', 100, 21);
insert into FitnessMeasurement values (71, '11/17/2018', 1, 160, '20', '100', 100, 22);
insert into FitnessMeasurement values (71, '11/17/2018', 1, 160, '20', '100', 100, 23);
insert into FitnessMeasurement values (71, '11/17/2018', 1, 160, '20', '100', 100, 24);
insert into FitnessMeasurement values (71, '11/17/2018', 1, 160, '20', '100', 100, 25);
insert into FitnessMeasurement values (71, '11/17/2018', 1, 160, '20', '100', 100, 26);
insert into FitnessMeasurement values (71, '11/17/2018', 1, 160, '20', '100', 100, 27);
insert into FitnessMeasurement values (71, '11/17/2018', 1, 160, '20', '100', 100, 28);
insert into FitnessMeasurement values (71, '11/17/2018', 1, 160, '20', '100', 100, 29);
insert into FitnessMeasurement values (71, '11/17/2018', 1, 160, '20', '100', 100, 30);
insert into FitnessMeasurement values (71, '11/17/2018', 1, 160, '20', '100', 100, 31);
insert into FitnessMeasurement values (71, '11/17/2018', 1, 160, '20', '100', 100, 32);
insert into FitnessMeasurement values (71, '11/17/2018', 1, 160, '20', '100', 100, 33);
insert into FitnessMeasurement values (71, '11/17/2018', 1, 160, '20', '100', 100, 34);
insert into FitnessMeasurement values (71, '11/17/2018', 1, 160, '20', '100', 100, 35);
insert into FitnessMeasurement values (71, '11/17/2018', 1, 160, '20', '100', 100, 36);
insert into FitnessMeasurement values (71, '11/17/2018', 1, 160, '20', '100', 100, 37);
insert into FitnessMeasurement values (71, '11/17/2018', 1, 160, '20', '100', 100, 38);
insert into FitnessMeasurement values (71, '11/17/2018', 1, 160, '20', '100', 100, 39);
insert into FitnessMeasurement values (71, '11/17/2018', 1, 160, '20', '100', 100, 40);
insert into FitnessMeasurement values (71, '11/17/2018', 1, 160, '20', '100', 100, 41);
insert into FitnessMeasurement values (71, '11/17/2018', 1, 160, '20', '100', 100, 42);
insert into FitnessMeasurement values (71, '11/17/2018', 1, 160, '20', '100', 100, 43);
insert into FitnessMeasurement values (71, '11/17/2018', 1, 160, '20', '100', 100, 44);
insert into FitnessMeasurement values (71, '11/17/2018', 1, 160, '20', '100', 100, 45);
insert into FitnessMeasurement values (71, '11/17/2018', 1, 160, '20', '100', 100, 46);
insert into FitnessMeasurement values (71, '11/17/2018', 1, 160, '20', '100', 100, 47);
insert into FitnessMeasurement values (71, '11/17/2018', 1, 160, '20', '100', 100, 48);
insert into FitnessMeasurement values (71, '11/17/2018', 1, 160, '20', '100', 100, 49);
insert into FitnessMeasurement values (71, '11/17/2018', 1, 160, '20', '100', 100, 50);


--Data for table ClassType
insert into classtype values(1, 'beginner yoga', '30', 'yoga');
insert into classtype values(2, 'intermediate yoga', '35', 'yoga');
insert into classtype values(3, 'advanced yoga', '40', 'yoga');
insert into classtype values(4, 'beginner personal training', '30', 'personal training');
insert into classtype values(5, 'intermediate personal training', '35', 'personal training');
insert into classtype values(6, 'advanced personal training', '40', 'personal training');
insert into classtype values(7, 'beginner cardio', '30', 'cardio');
insert into classtype values(8, 'intermediate cardio', '35', 'cardio');
insert into classtype values(9, 'advanced cardio', '40', 'cardio');
insert into classtype values(10, 'beginner boxing', '30', 'boxing');
insert into classtype values(11, 'intermediate boxing', '35', 'boxing');
insert into classtype values(12, 'advanced boxing', '40', 'boxing');
insert into classtype values(13, 'dance', '40', 'dance');

--Data for table Class
insert into class values(1,'1hr','45','Room100',1,'20181001','20181101', '11am', '12pm',1);
insert into class values(2,'2hr','45','Room101',2,'20181001', '20181101', '10am', '12pm',2);
insert into class values(3,'1hr','45','Room101',3,'20181001','20181101', '11am', '12pm',10);
insert into class values(4,'2hr','45','Room102',4,'20181001', '20181101', '10am', '12pm',10);
insert into class values(5,'1hr','45','Room102',5,'20181101', '20181201', '11am', '12pm',11);
insert into class values(6,'1hr','45','Room103',6,'20181101', '20181201', '11am', '12pm',3);
insert into class values(7,'1hr','45','Room103',7,'20181001','20181101', '11am', '12pm',7);
insert into class values(8,'1hr','45','Room104',8,'20181001','20181101', '1pm', '2pm',7);
insert into class values(9,'1hr','45','Room104',9,'20181001','20181101', '11am', '12pm',7);
insert into class values(10,'1hr','45','Room105',10,'20181001','20181101', '1pm', '2pm',13);
insert into class values(11,'2hr','45','Room105',11,'20181001','20181101', '3pm', '5pm',1);
insert into class values(12,'2hr','45','Room106',12,'20181001', '20181101', '10am', '12pm',3);
insert into class values(13,'2hr','45','Room106',13,'20181001','20181101', '3pm', '5pm',10);
insert into class values(14,'2hr','45','Room106',14,'20181001', '20181101', '10am', '12pm',12);
insert into class values(15,'1hr','45','Room107',15,'20181101', '20181201', '11am', '12pm',11);
insert into class values(16,'2hr','45','Room107',16,'20181101', '20181201', '3pm', '5pm',3);
insert into class values(17,'1hr','45','Room107',17,'20181001','20181101', '11am', '12pm',7);
insert into class values(18,'1hr','45','Room108',18,'20181001','20181101', '1pm', '2pm',9);
insert into class values(19,'1hr','45','Room108',19,'20181001','20181101', '11am', '12pm',8);
insert into class values(20,'1hr','45','Room108',20,'20181001','20181101', '1pm', '2pm',13);


--Data for table Reservation
insert into reservation values('Killarney Centre','Vancouver',1,1,'100','6709681032674994','$30','12:00pm','2018-10-01','n/a');
insert into reservation values('Killarney Centre','Vancouver',2,1,'101','6709681032674994','$30','12:30pm','2018-10-02','n/a');
insert into reservation values('Sunset Centre','Vancouver',3,1,'10000002','6709681032674994','$30','1:30pm','2018-10-03','n/a');
insert into reservation values('Sunset Centre','Vancouver',4,2,'1003','4041372099032506','$30','1:30pm','2018-10-01','n/a');
insert into reservation values('Sunset Centre','Vancouver',5,2,'1004','4041372099032506','$30','2:30pm','2018-10-04','n/a');
insert into reservation values('Killarney Centre','Vancouver',6,3,'1005','4913449074547172','$30','2:30pm','2018-10-11','n/a');
insert into reservation values('Sunset Centre','Vancouver',7,3,'1006','4913449074547172','$30','12:00pm','2018-10-01','n/a');
insert into reservation values('Sunset Centre','Vancouver',8,3,'1007','4913449074547172','$30','12:00pm','2018-10-01','n/a');
insert into reservation values('Killarney Centre','Vancouver',1,3,'1008','4913449074547172','$30','1:00pm','2018-10-01','n/a');
insert into reservation values('Point Grey','Vancouver',2,4,'1009','3585917145967529','$30','10:30am','2018-10-03','n/a');
insert into reservation values('Point Grey','Vancouver',3,5,'1010','6706781493382294','$30','12:30pm','2018-10-02','n/a');
insert into reservation values('Point Grey','Vancouver',4,5,'1011','6706781493382294','$30','12:30pm','2018-10-01','n/a');

--Data for table IsQualifiledIn
 insert into IsQualifiledIn values(1,1);
 insert into IsQualifiledIn values(1,2);
 insert into IsQualifiledIn values(1,3);
 insert into IsQualifiledIn values(1,4);
 insert into IsQualifiledIn values(1,5);
 insert into IsQualifiledIn values(1,6);
 insert into IsQualifiledIn values(1,7);
 insert into IsQualifiledIn values(1,8);
 insert into IsQualifiledIn values(1,9);
 insert into IsQualifiledIn values(1,10);
 insert into IsQualifiledIn values(1,11);
 insert into IsQualifiledIn values(1,12);
 insert into IsQualifiledIn values(1,13);
 insert into IsQualifiledIn values(3,10);
 insert into IsQualifiledIn values(4,11);
 insert into IsQualifiledIn values(4,12);

 --Data for table GymBranch
insert into GymBranch values('Sunset Centre','Vancouver');
insert into GymBranch values('Killarney Centre','Vancouver');
insert into GymBranch values('Point Grey','Vancouver');
insert into GymBranch values('Millwood','Edmonton');

--Data for table Hosted
insert into Hosted values('Millwood', 'Edmonton', 1);
insert into Hosted values('Killarney Centre','Vancouver', 2);
insert into Hosted values('Sunset Centre','Vancouver', 3);
insert into Hosted values('Point Grey','Vancouver', 4);
insert into Hosted values('Millwood', 'Edmonton', 5);
insert into Hosted values('Killarney Centre','Vancouver', 6);
insert into Hosted values('Sunset Centre','Vancouver', 7);
insert into Hosted values('Point Grey','Vancouver', 8);
insert into Hosted values('Millwood', 'Edmonton', 9);
insert into Hosted values('Killarney Centre','Vancouver', 10);
insert into Hosted values('Sunset Centre','Vancouver', 11);
insert into Hosted values('Point Grey','Vancouver', 12);
insert into Hosted values('Millwood', 'Edmonton', 13);
insert into Hosted values('Killarney Centre','Vancouver', 14);
insert into Hosted values('Sunset Centre','Vancouver', 15);
insert into Hosted values('Point Grey','Vancouver', 16);
insert into Hosted values('Millwood', 'Edmonton', 17);
insert into Hosted values('Killarney Centre','Vancouver', 18);
insert into Hosted values('Sunset Centre','Vancouver', 19);
insert into Hosted values('Point Grey','Vancouver', 20);

--Data for table Equipment
insert into Equipment values(1, '11/17/2018', '32.15', 'bench', 'Millwood', 'Edmonton');
insert into Equipment values(2, '11/17/2018', '32.15', 'bench', 'Millwood', 'Edmonton');
insert into Equipment values(3, '11/17/2018', '32.15', 'bench', 'Millwood', 'Edmonton');
insert into Equipment values(4, '11/17/2018', '32.15', 'bench', 'Millwood', 'Edmonton');
insert into Equipment values(5, '11/17/2018', '325', 'TrendMill', 'Millwood', 'Edmonton');
insert into Equipment values(6, '10/17/2018', '325', 'TrendMill', 'Millwood', 'Edmonton');
insert into Equipment values(7, '11/17/2018', '325', 'TrendMill', 'Millwood', 'Edmonton');
insert into Equipment values(8, '11/17/2018', '325', 'TrendMill', 'Millwood', 'Edmonton');
insert into Equipment values(9, '11/17/2018', '35.10', 'bench', 'Sunset Centre', 'Vancouver');
insert into Equipment values(10, '11/17/2018', '35.10', 'bench', 'Sunset Centre', 'Vancouver');
insert into Equipment values(11, '11/12/2018', '35.10', 'bench', 'Sunset Centre', 'Vancouver');
insert into Equipment values(12, '11/12/2018', '35.10', 'bench', 'Sunset Centre', 'Vancouver');
insert into Equipment values(13, '11/12/2018', '35.10', 'bench', 'Sunset Centre', 'Vancouver');
insert into Equipment values(14, '11/17/2018', '1000', 'Smith Machine', 'Killarney Centre', 'Vancouver');
insert into Equipment values(15, '11/17/2018', '1000', 'Smith Machine', 'Killarney Centre', 'Vancouver');
insert into Equipment values(16, '11/17/2018', '35.10', 'bench', 'Killarney Centre', 'Vancouver');
insert into Equipment values(17, '11/17/2018', '35.10', 'bench', 'Killarney Centre', 'Vancouver');
insert into Equipment values(18, '11/17/2018', '35.10', 'bench', 'Killarney Centre', 'Vancouver');
insert into Equipment values(19, '11/17/2018', '1200', 'Smith Machine', 'Point Grey', 'Vancouver');
insert into Equipment values(20, '11/17/2018', '1200', 'Smith Machine', 'Point Grey', 'Vancouver');
insert into Equipment values(21, '11/10/2018', '37.10', 'bench', 'Point Grey', 'Vancouver');
insert into Equipment values(22, '11/10/2018', '37.10', 'bench', 'Point Grey', 'Vancouver');
insert into Equipment values(23, '11/10/2018', '37.10', 'bench', 'Point Grey', 'Vancouver');

commit;
